code,company
6840,AK홀딩스
27410,BGF
282330,BGF리테일
138930,BNK금융지주
1040,CJ
79160,CJ CGV
120,CJ대한통운
97950,CJ제일제당
5830,DB손해보험
990,DB하이텍
114090,GKL
78930,GS
6360,GS건설
7070,GS리테일
12630,HDC
294870,HDC현대산업개발
1060,JW중외제약
96760,JW홀딩스
105560,KB금융
2380,KCC
30200,KT
33780,KT&G
93050,LF
3550,LG
34220,LG디스플레이
1120,LG상사
51900,LG생활건강
32640,LG유플러스
11070,LG이노텍
66570,LG전자
108670,LG하우시스
51910,LG화학
79550,LIG넥스원
6260,LS
10120,LS산전
35420,NAVER
5940,NH투자증권
10060,OCI
5490,POSCO
64960,S&T모티브
10950,S-Oil
34120,SBS
34730,SK
11790,SKC
1740,SK네트웍스
6120,SK디스커버리
96770,SK이노베이션
285130,SK케미칼
17670,SK텔레콤
660,SK하이닉스
5610,SPC삼립
35250,강원랜드
10130,고려아연
2240,고려제강
11780,금호석유
73240,금호타이어
270,기아차
24110,기업은행
3920,남양유업
25860,남해화학
2350,넥센타이어
251270,넷마블
6280,녹십자
5250,녹십자홀딩스
4370,농심
19680,대교
8060,대덕전자
210,대림산업
1680,대상
47040,대우건설
42660,대우조선해양
69620,대웅제약
6650,대한유화
3490,대한항공
1230,동국제강
26960,동서
640,동아쏘시오홀딩스
170900,동아에스티
1520,동양
49770,동원F&B
14820,동원시스템즈
150,두산
241560,두산밥캣
42670,두산인프라코어
34020,두산중공업
115390,락앤락
23530,롯데쇼핑
4000,롯데정밀화학
4990,롯데지주
5300,롯데칠성
11170,롯데케미칼
2270,롯데푸드
71840,롯데하이마트
204320,만도
8560,메리츠종금증권
33920,무학
6800,미래에셋대우
3850,보령제약
3000,부광약품
5180,빙그레
6400,삼성SDI
28260,삼성물산
207940,삼성바이오로직스
32830,삼성생명
18260,삼성에스디에스
28050,삼성엔지니어링
9150,삼성전기
5930,삼성전자
10140,삼성중공업
16360,삼성증권
29780,삼성카드
810,삼성화재
145990,삼양사
70,삼양홀딩스
4490,세방전지
1430,세아베스틸
68270,셀트리온
4170,신세계
55550,신한지주
3410,쌍용양회
3620,쌍용차
2790,아모레G
90430,아모레퍼시픽
10780,아이에스동서
5850,에스엘
12750,에스원
36570,엔씨소프트
111770,영원무역
3520,영진약품
670,영풍
7310,오뚜기
271560,오리온
1800,오리온홀딩스
30,우리은행
14830,유니드
100,유한양행
214320,이노션
139480,이마트
7570,일양약품
20150,일진머티리얼즈
30000,제일기획
185750,종근당
35720,카카오
192820,코스맥스
120110,코오롱인더
21240,코웨이
192400,쿠쿠홀딩스
3240,태광산업
36580,팜스코
28670,팬오션
47050,포스코대우
103140,풍산
86790,하나금융지주
80,하이트진로
36460,한국가스공사
71050,한국금융지주
25540,한국단자
2960,한국쉘석유
15760,한국전력
161890,한국콜마
161390,한국타이어
240,한국타이어월드와이드
47810,한국항공우주
60980,한라홀딩스
8930,한미사이언스
128940,한미약품
9240,한샘
20000,한섬
105630,한세실업
14680,한솔케미칼
18880,한온시스템
9420,한올바이오파마
3300,한일홀딩스
51600,한전KPS
52690,한전기술
97230,한진중공업
880,한화
88350,한화생명
12450,한화에어로스페이스
9830,한화케미칼
720,현대건설
5440,현대그린푸드
86280,현대글로비스
64350,현대로템
79430,현대리바트
12330,현대모비스
10620,현대미포조선
69960,현대백화점
17800,현대엘리베이
11210,현대위아
4020,현대제철
9540,현대중공업
267250,현대중공업지주
5380,현대차
1450,현대해상
57050,현대홈쇼핑
8770,호텔신라
4800,효성
298040,효성중공업
93370,후성
69260,휴켐스
